[{"color":"#5cb722","name":"ASD"},{"color":"#3f51b5","name":"View 2"},{"color":"#e92467","name":"Design"},{"color":"#e1a92a","name":"Control 2"},{"color":"#3367d6","name":"Looping"},{"color":"#00836c","name":"String"},{"color":"#021B5B","name":"Encryption"},{"color":"#ff5522","name":"Pattern"},{"color":"#00386c","name":"JSON"},{"color":"#ee7d16","name":"HashMap"},{"color":"#cc5b22","name":"Lists"},{"color":"#FF2D00","name":"FLOATING WINDOW"},{"color":"#FFD400","name":"Lottie"},{"color":"#007DFF","name":"VIEW action"},{"color":"#3870FF","name":"Animation"},{"color":"#24F3FF","name":"Pop Menu"},{"color":"#5E7FFF","name":"File 2"},{"color":"#52FF2E","name":"Firebase Auth"},{"color":"#E228FF","name":"Progress Dialog"},{"color":"#2644FF","name":"Dialog KHUD"},{"color":"#FFE100","name":"BOTTOM SHEET"},{"color":"#A3FF18","name":"Flash Lite"}]